{"cameraMode":{"drawMode":0,"name":"Shaded","section":"Shading Mode"},"sceneLighting":true,"audioPlay":false,"sceneViewState":{"m_AlwaysRefresh":false,"showFog":true,"showSkybox":true,"showFlares":true,"showImageEffects":true,"showParticleSystems":true,"showVisualEffectGraphs":true,"m_FxEnabled":true},"in2DMode":false,"pivot":{"x":25.78712272644043,"y":1.1208237409591675,"z":-0.44539088010787966},"rotation":{"x":0.3821144998073578,"y":0.23228003084659577,"z":-0.09985184669494629,"w":0.8888802528381348},"size":0.6635011434555054,"orthographic":false}