{"cameraMode":{"drawMode":0,"name":"Shaded","section":"Shading Mode"},"sceneLighting":true,"audioPlay":false,"sceneViewState":{"m_AlwaysRefresh":false,"showFog":true,"showSkybox":true,"showFlares":true,"showImageEffects":true,"showParticleSystems":true,"showVisualEffectGraphs":true,"m_FxEnabled":true},"in2DMode":false,"pivot":{"x":25.89886474609375,"y":1.4456250667572022,"z":-0.04489171504974365},"rotation":{"x":0.06657803058624268,"y":0.10517142713069916,"z":-0.00705144926905632,"w":0.9922210574150086},"size":0.9635011553764343,"orthographic":false}