{"cameraMode":{"drawMode":0,"name":"Shaded","section":"Shading Mode"},"sceneLighting":true,"audioPlay":false,"sceneViewState":{"m_AlwaysRefresh":false,"showFog":true,"showSkybox":true,"showFlares":true,"showImageEffects":true,"showParticleSystems":true,"showVisualEffectGraphs":true,"m_FxEnabled":true},"in2DMode":false,"pivot":{"x":118.52693176269531,"y":187.4974365234375,"z":2.5071487426757814},"rotation":{"x":0.027994656935334207,"y":-0.009894588962197304,"z":0.00028355937683954835,"w":0.999575674533844},"size":96.48299407958985,"orthographic":false}